{'tract': '007000', 'county': '101', 'state': '42', 'geoid': '42101007000'}
{'tract': '014400', 'county': '101', 'state': '42', 'geoid': '42101014400'}
{'tract': '027401', 'county': '101', 'state': '42', 'geoid': '42101027401'}
{'tract': '014700', 'county': '101', 'state': '42', 'geoid': '42101014700'}
{'tract': '001800', 'county': '101', 'state': '42', 'geoid': '42101001800'}
{'tract': '000500', 'county': '101', 'state': '42', 'geoid': '42101000500'}
{'tract': '001400', 'county': '101', 'state': '42', 'geoid': '42101001400'}
{'tract': '017900', 'county': '101', 'state': '42', 'geoid': '42101017900'}
{'tract': '100208', 'county': '017', 'state': '42', 'geoid': '42017100208'}
{'tract': '010300', 'county': '101', 'state': '42', 'geoid': '42101010300'}
{'tract': '013402', 'county': '101', 'state': '42', 'geoid': '42101013402'}
{'tract': '002802', 'county': '101', 'state': '42', 'geoid': '42101002802'}
{'tract': '017000', 'county': '101', 'state': '42', 'geoid': '42101017000'}
{'tract': '035701', 'county': '101', 'state': '42', 'geoid': '42101035701'}
{'tract': '000702', 'county': '101', 'state': '42', 'geoid': '42101000702'}
{'tract': '001002', 'county': '101', 'state': '42', 'geoid': '42101001002'}
{'tract': '011100', 'county': '101', 'state': '42', 'geoid': '42101011100'}
{'tract': '001900', 'county': '101', 'state': '42', 'geoid': '42101001900'}
{'tract': '403702', 'county': '045', 'state': '42', 'geoid': '42045403702'}
{'tract': '001101', 'county': '101', 'state': '42', 'geoid': '42101001101'}
{'tract': '030900', 'county': '101', 'state': '42', 'geoid': '42101030900'}
{'tract': '033600', 'county': '101', 'state': '42', 'geoid': '42101033600'}
{'tract': '009100', 'county': '101', 'state': '42', 'geoid': '42101009100'}
{'tract': '034701', 'county': '101', 'state': '42', 'geoid': '42101034701'}
{'tract': '021200', 'county': '101', 'state': '42', 'geoid': '42101021200'}
{'tract': '000902', 'county': '101', 'state': '42', 'geoid': '42101000902'}
{'tract': '033701', 'county': '101', 'state': '42', 'geoid': '42101033701'}
{'tract': '000600', 'county': '101', 'state': '42', 'geoid': '42101000600'}
{'tract': '003300', 'county': '101', 'state': '42', 'geoid': '42101003300'}
{'tract': '037200', 'county': '101', 'state': '42', 'geoid': '42101037200'}
{'tract': '037600', 'county': '101', 'state': '42', 'geoid': '42101037600'}
{'tract': '002900', 'county': '101', 'state': '42', 'geoid': '42101002900'}
{'tract': '031600', 'county': '101', 'state': '42', 'geoid': '42101031600'}
{'tract': '014100', 'county': '101', 'state': '42', 'geoid': '42101014100'}
{'tract': '006200', 'county': '101', 'state': '42', 'geoid': '42101006200'}
{'tract': '000806', 'county': '101', 'state': '42', 'geoid': '42101000806'}
{'tract': '000701', 'county': '101', 'state': '42', 'geoid': '42101000701'}
{'tract': '026100', 'county': '101', 'state': '42', 'geoid': '42101026100'}
{'tract': '003702', 'county': '101', 'state': '42', 'geoid': '42101003702'}
{'tract': '006600', 'county': '101', 'state': '42', 'geoid': '42101006600'}
{'tract': '019501', 'county': '101', 'state': '42', 'geoid': '42101019501'}
{'tract': '030502', 'county': '101', 'state': '42', 'geoid': '42101030502'}
{'tract': '020701', 'county': '101', 'state': '42', 'geoid': '42101020701'}
{'tract': '000200', 'county': '101', 'state': '42', 'geoid': '42101000200'}
{'tract': '033400', 'county': '101', 'state': '42', 'geoid': '42101033400'}
{'tract': '028901', 'county': '101', 'state': '42', 'geoid': '42101028901'}
{'tract': '017500', 'county': '101', 'state': '42', 'geoid': '42101017500'}
{'tract': '023700', 'county': '101', 'state': '42', 'geoid': '42101023700'}
{'tract': '000404', 'county': '101', 'state': '42', 'geoid': '42101000404'}
{'tract': '001600', 'county': '101', 'state': '42', 'geoid': '42101001600'}
{'tract': '008701', 'county': '101', 'state': '42', 'geoid': '42101008701'}
{'tract': '037800', 'county': '101', 'state': '42', 'geoid': '42101037800'}
{'tract': '013701', 'county': '101', 'state': '42', 'geoid': '42101013701'}
{'tract': '008000', 'county': '101', 'state': '42', 'geoid': '42101008000'}
{'tract': '016300', 'county': '101', 'state': '42', 'geoid': '42101016300'}
{'tract': '029100', 'county': '101', 'state': '42', 'geoid': '42101029100'}
{'tract': '002400', 'county': '101', 'state': '42', 'geoid': '42101002400'}
{'tract': '038700', 'county': '101', 'state': '42', 'geoid': '42101038700'}
{'tract': '008500', 'county': '101', 'state': '42', 'geoid': '42101008500'}
{'tract': '021000', 'county': '101', 'state': '42', 'geoid': '42101021000'}
{'tract': '034100', 'county': '101', 'state': '42', 'geoid': '42101034100'}
{'tract': '015600', 'county': '101', 'state': '42', 'geoid': '42101015600'}
{'tract': '036301', 'county': '101', 'state': '42', 'geoid': '42101036301'}
{'tract': '016800', 'county': '101', 'state': '42', 'geoid': '42101016800'}
{'tract': '027300', 'county': '101', 'state': '42', 'geoid': '42101027300'}
{'tract': '032100', 'county': '101', 'state': '42', 'geoid': '42101032100'}
{'tract': '036902', 'county': '101', 'state': '42', 'geoid': '42101036902'}
{'tract': '037700', 'county': '101', 'state': '42', 'geoid': '42101037700'}
{'tract': '015700', 'county': '101', 'state': '42', 'geoid': '42101015700'}
{'tract': '016702', 'county': '101', 'state': '42', 'geoid': '42101016702'}
{'tract': '019000', 'county': '101', 'state': '42', 'geoid': '42101019000'}
{'tract': '989200', 'county': '101', 'state': '42', 'geoid': '42101989200'}
{'tract': '031300', 'county': '101', 'state': '42', 'geoid': '42101031300'}
{'tract': '010900', 'county': '101', 'state': '42', 'geoid': '42101010900'}
{'tract': '027700', 'county': '101', 'state': '42', 'geoid': '42101027700'}
{'tract': '037900', 'county': '101', 'state': '42', 'geoid': '42101037900'}
{'tract': '024700', 'county': '101', 'state': '42', 'geoid': '42101024700'}
{'tract': '016100', 'county': '101', 'state': '42', 'geoid': '42101016100'}
{'tract': '980300', 'county': '101', 'state': '42', 'geoid': '42101980300'}
{'tract': '031401', 'county': '101', 'state': '42', 'geoid': '42101031401'}
{'tract': '020000', 'county': '101', 'state': '42', 'geoid': '42101020000'}
{'tract': '020102', 'county': '101', 'state': '42', 'geoid': '42101020102'}
{'tract': '013300', 'county': '101', 'state': '42', 'geoid': '42101013300'}
{'tract': '026400', 'county': '101', 'state': '42', 'geoid': '42101026400'}
{'tract': '036600', 'county': '101', 'state': '42', 'geoid': '42101036600'}
{'tract': '003901', 'county': '101', 'state': '42', 'geoid': '42101003901'}
{'tract': '002801', 'county': '101', 'state': '42', 'geoid': '42101002801'}
{'tract': '034900', 'county': '101', 'state': '42', 'geoid': '42101034900'}
{'tract': '000101', 'county': '101', 'state': '42', 'geoid': '42101000101'}
{'tract': '021300', 'county': '101', 'state': '42', 'geoid': '42101021300'}
{'tract': '000803', 'county': '101', 'state': '42', 'geoid': '42101000803'}
{'tract': '030200', 'county': '101', 'state': '42', 'geoid': '42101030200'}
{'tract': '023800', 'county': '101', 'state': '42', 'geoid': '42101023800'}
{'tract': '000300', 'county': '101', 'state': '42', 'geoid': '42101000300'}
{'tract': '019800', 'county': '101', 'state': '42', 'geoid': '42101019800'}
{'tract': '026302', 'county': '101', 'state': '42', 'geoid': '42101026302'}
{'tract': '008801', 'county': '101', 'state': '42', 'geoid': '42101008801'}
{'tract': '021400', 'county': '101', 'state': '42', 'geoid': '42101021400'}
{'tract': '025500', 'county': '101', 'state': '42', 'geoid': '42101025500'}
{'tract': '013601', 'county': '101', 'state': '42', 'geoid': '42101013601'}
{'tract': '010100', 'county': '101', 'state': '42', 'geoid': '42101010100'}
{'tract': '002300', 'county': '101', 'state': '42', 'geoid': '42101002300'}
{'tract': '020300', 'county': '101', 'state': '42', 'geoid': '42101020300'}
{'tract': '031700', 'county': '101', 'state': '42', 'geoid': '42101031700'}
{'tract': '011800', 'county': '101', 'state': '42', 'geoid': '42101011800'}
{'tract': '980400', 'county': '101', 'state': '42', 'geoid': '42101980400'}
{'tract': '036700', 'county': '101', 'state': '42', 'geoid': '42101036700'}
{'tract': '019200', 'county': '101', 'state': '42', 'geoid': '42101019200'}
{'tract': '008400', 'county': '101', 'state': '42', 'geoid': '42101008400'}
{'tract': '014300', 'county': '101', 'state': '42', 'geoid': '42101014300'}
{'tract': '003902', 'county': '101', 'state': '42', 'geoid': '42101003902'}
{'tract': '032000', 'county': '101', 'state': '42', 'geoid': '42101032000'}
{'tract': '101401', 'county': '017', 'state': '42', 'geoid': '42017101401'}
{'tract': '013800', 'county': '101', 'state': '42', 'geoid': '42101013800'}
{'tract': '014201', 'county': '101', 'state': '42', 'geoid': '42101014201'}
{'tract': '028500', 'county': '101', 'state': '42', 'geoid': '42101028500'}
{'tract': '009400', 'county': '101', 'state': '42', 'geoid': '42101009400'}
{'tract': '027100', 'county': '101', 'state': '42', 'geoid': '42101027100'}
{'tract': '034502', 'county': '101', 'state': '42', 'geoid': '42101034502'}
{'tract': '008601', 'county': '101', 'state': '42', 'geoid': '42101008601'}
{'tract': '010200', 'county': '101', 'state': '42', 'geoid': '42101010200'}
{'tract': '001001', 'county': '101', 'state': '42', 'geoid': '42101001001'}
{'tract': '035900', 'county': '101', 'state': '42', 'geoid': '42101035900'}
{'tract': '034802', 'county': '101', 'state': '42', 'geoid': '42101034802'}
{'tract': '030000', 'county': '101', 'state': '42', 'geoid': '42101030000'}
{'tract': '038500', 'county': '101', 'state': '42', 'geoid': '42101038500'}
{'tract': '403701', 'county': '045', 'state': '42', 'geoid': '42045403701'}
{'tract': '980901', 'county': '101', 'state': '42', 'geoid': '42101980901'}
{'tract': '017601', 'county': '101', 'state': '42', 'geoid': '42101017601'}
{'tract': '003701', 'county': '101', 'state': '42', 'geoid': '42101003701'}
{'tract': '016001', 'county': '101', 'state': '42', 'geoid': '42101016001'}
{'tract': '009801', 'county': '101', 'state': '42', 'geoid': '42101009801'}
{'tract': '034801', 'county': '101', 'state': '42', 'geoid': '42101034801'}
{'tract': '008802', 'county': '101', 'state': '42', 'geoid': '42101008802'}
{'tract': '027500', 'county': '101', 'state': '42', 'geoid': '42101027500'}
{'tract': '033800', 'county': '101', 'state': '42', 'geoid': '42101033800'}
{'tract': '038800', 'county': '101', 'state': '42', 'geoid': '42101038800'}
{'tract': '030700', 'county': '101', 'state': '42', 'geoid': '42101030700'}
{'tract': '009300', 'county': '101', 'state': '42', 'geoid': '42101009300'}
{'tract': '004101', 'county': '101', 'state': '42', 'geoid': '42101004101'}
{'tract': '016600', 'county': '101', 'state': '42', 'geoid': '42101016600'}
{'tract': '024300', 'county': '101', 'state': '42', 'geoid': '42101024300'}
{'tract': '017202', 'county': '101', 'state': '42', 'geoid': '42101017202'}
{'tract': '200308', 'county': '091', 'state': '42', 'geoid': '42091200308'}
{'tract': '038000', 'county': '101', 'state': '42', 'geoid': '42101038000'}
{'tract': '005600', 'county': '101', 'state': '42', 'geoid': '42101005600'}
{'tract': '018001', 'county': '101', 'state': '42', 'geoid': '42101018001'}
{'tract': '024000', 'county': '101', 'state': '42', 'geoid': '42101024000'}
{'tract': '027800', 'county': '101', 'state': '42', 'geoid': '42101027800'}
{'tract': '006300', 'county': '101', 'state': '42', 'geoid': '42101006300'}
{'tract': '031102', 'county': '101', 'state': '42', 'geoid': '42101031102'}
{'tract': '980702', 'county': '101', 'state': '42', 'geoid': '42101980702'}
{'tract': '014202', 'county': '101', 'state': '42', 'geoid': '42101014202'}
{'tract': '029900', 'county': '101', 'state': '42', 'geoid': '42101029900'}
{'tract': '038200', 'county': '101', 'state': '42', 'geoid': '42101038200'}
{'tract': '980000', 'county': '045', 'state': '42', 'geoid': '42045980000'}
{'tract': '026000', 'county': '101', 'state': '42', 'geoid': '42101026000'}
{'tract': '004001', 'county': '101', 'state': '42', 'geoid': '42101004001'}
{'tract': '020101', 'county': '101', 'state': '42', 'geoid': '42101020101'}
{'tract': '035500', 'county': '101', 'state': '42', 'geoid': '42101035500'}
{'tract': '033500', 'county': '101', 'state': '42', 'geoid': '42101033500'}
{'tract': '032600', 'county': '101', 'state': '42', 'geoid': '42101032600'}
{'tract': '033000', 'county': '101', 'state': '42', 'geoid': '42101033000'}
{'tract': '034600', 'county': '101', 'state': '42', 'geoid': '42101034600'}
{'tract': '003800', 'county': '101', 'state': '42', 'geoid': '42101003800'}
{'tract': '019100', 'county': '101', 'state': '42', 'geoid': '42101019100'}
{'tract': '037300', 'county': '101', 'state': '42', 'geoid': '42101037300'}
{'tract': '017300', 'county': '101', 'state': '42', 'geoid': '42101017300'}
{'tract': '001700', 'county': '101', 'state': '42', 'geoid': '42101001700'}
{'tract': '010800', 'county': '101', 'state': '42', 'geoid': '42101010800'}
{'tract': '027600', 'county': '101', 'state': '42', 'geoid': '42101027600'}
{'tract': '002000', 'county': '101', 'state': '42', 'geoid': '42101002000'}
{'tract': '017400', 'county': '101', 'state': '42', 'geoid': '42101017400'}
{'tract': '024500', 'county': '101', 'state': '42', 'geoid': '42101024500'}
{'tract': '028100', 'county': '101', 'state': '42', 'geoid': '42101028100'}
{'tract': '989100', 'county': '101', 'state': '42', 'geoid': '42101989100'}
{'tract': '020900', 'county': '101', 'state': '42', 'geoid': '42101020900'}
{'tract': '204400', 'county': '091', 'state': '42', 'geoid': '42091204400'}
{'tract': '036000', 'county': '101', 'state': '42', 'geoid': '42101036000'}
{'tract': '012100', 'county': '101', 'state': '42', 'geoid': '42101012100'}
{'tract': '001204', 'county': '101', 'state': '42', 'geoid': '42101001204'}
{'tract': '033300', 'county': '101', 'state': '42', 'geoid': '42101033300'}
{'tract': '000901', 'county': '101', 'state': '42', 'geoid': '42101000901'}
{'tract': '028800', 'county': '101', 'state': '42', 'geoid': '42101028800'}
{'tract': '038900', 'county': '101', 'state': '42', 'geoid': '42101038900'}
{'tract': '036203', 'county': '101', 'state': '42', 'geoid': '42101036203'}
{'tract': '016901', 'county': '101', 'state': '42', 'geoid': '42101016901'}
{'tract': '036400', 'county': '101', 'state': '42', 'geoid': '42101036400'}
{'tract': '015800', 'county': '101', 'state': '42', 'geoid': '42101015800'}
{'tract': '039002', 'county': '101', 'state': '42', 'geoid': '42101039002'}
{'tract': '007800', 'county': '101', 'state': '42', 'geoid': '42101007800'}
{'tract': '006000', 'county': '101', 'state': '42', 'geoid': '42101006000'}
{'tract': '980600', 'county': '101', 'state': '42', 'geoid': '42101980600'}
{'tract': '989300', 'county': '101', 'state': '42', 'geoid': '42101989300'}
{'tract': '016500', 'county': '101', 'state': '42', 'geoid': '42101016500'}
{'tract': '100201', 'county': '017', 'state': '42', 'geoid': '42017100201'}
{'tract': '014900', 'county': '101', 'state': '42', 'geoid': '42101014900'}
{'tract': '007400', 'county': '101', 'state': '42', 'geoid': '42101007400'}
{'tract': '009000', 'county': '101', 'state': '42', 'geoid': '42101009000'}
{'tract': '001302', 'county': '101', 'state': '42', 'geoid': '42101001302'}
{'tract': '204702', 'county': '091', 'state': '42', 'geoid': '42091204702'}
{'tract': '001203', 'county': '101', 'state': '42', 'geoid': '42101001203'}
{'tract': '012502', 'county': '101', 'state': '42', 'geoid': '42101012502'}
{'tract': '032300', 'county': '101', 'state': '42', 'geoid': '42101032300'}
{'tract': '017800', 'county': '101', 'state': '42', 'geoid': '42101017800'}
{'tract': '204300', 'county': '091', 'state': '42', 'geoid': '42091204300'}
{'tract': '000805', 'county': '101', 'state': '42', 'geoid': '42101000805'}
{'tract': '019900', 'county': '101', 'state': '42', 'geoid': '42101019900'}
{'tract': '024400', 'county': '101', 'state': '42', 'geoid': '42101024400'}
{'tract': '028902', 'county': '101', 'state': '42', 'geoid': '42101028902'}
{'tract': '017602', 'county': '101', 'state': '42', 'geoid': '42101017602'}
{'tract': '015102', 'county': '101', 'state': '42', 'geoid': '42101015102'}
{'tract': '031501', 'county': '101', 'state': '42', 'geoid': '42101031501'}
{'tract': '017702', 'county': '101', 'state': '42', 'geoid': '42101017702'}
{'tract': '027200', 'county': '101', 'state': '42', 'geoid': '42101027200'}
{'tract': '033101', 'county': '101', 'state': '42', 'geoid': '42101033101'}
{'tract': '035301', 'county': '101', 'state': '42', 'geoid': '42101035301'}
{'tract': '036100', 'county': '101', 'state': '42', 'geoid': '42101036100'}
{'tract': '016002', 'county': '101', 'state': '42', 'geoid': '42101016002'}
{'tract': '032900', 'county': '101', 'state': '42', 'geoid': '42101032900'}
{'tract': '017701', 'county': '101', 'state': '42', 'geoid': '42101017701'}
{'tract': '012201', 'county': '101', 'state': '42', 'geoid': '42101012201'}
{'tract': '015300', 'county': '101', 'state': '42', 'geoid': '42101015300'}
{'tract': '013500', 'county': '101', 'state': '42', 'geoid': '42101013500'}
{'tract': '026600', 'county': '101', 'state': '42', 'geoid': '42101026600'}
{'tract': '006500', 'county': '101', 'state': '42', 'geoid': '42101006500'}
{'tract': '021100', 'county': '101', 'state': '42', 'geoid': '42101021100'}
{'tract': '000401', 'county': '101', 'state': '42', 'geoid': '42101000401'}
{'tract': '031000', 'county': '101', 'state': '42', 'geoid': '42101031000'}
{'tract': '018801', 'county': '101', 'state': '42', 'geoid': '42101018801'}
{'tract': '000801', 'county': '101', 'state': '42', 'geoid': '42101000801'}
{'tract': '033200', 'county': '101', 'state': '42', 'geoid': '42101033200'}
{'tract': '009600', 'county': '101', 'state': '42', 'geoid': '42101009600'}
{'tract': '038400', 'county': '101', 'state': '42', 'geoid': '42101038400'}
{'tract': '003100', 'county': '101', 'state': '42', 'geoid': '42101003100'}
{'tract': '035800', 'county': '101', 'state': '42', 'geoid': '42101035800'}
{'tract': '028300', 'county': '101', 'state': '42', 'geoid': '42101028300'}
{'tract': '202100', 'county': '091', 'state': '42', 'geoid': '42091202100'}
{'tract': '004201', 'county': '101', 'state': '42', 'geoid': '42101004201'}
{'tract': '011300', 'county': '101', 'state': '42', 'geoid': '42101011300'}
{'tract': '036501', 'county': '101', 'state': '42', 'geoid': '42101036501'}
{'tract': '004103', 'county': '101', 'state': '42', 'geoid': '42101004103'}
{'tract': '008302', 'county': '101', 'state': '42', 'geoid': '42101008302'}
{'tract': '007900', 'county': '101', 'state': '42', 'geoid': '42101007900'}
{'tract': '009200', 'county': '101', 'state': '42', 'geoid': '42101009200'}
{'tract': '004002', 'county': '101', 'state': '42', 'geoid': '42101004002'}
{'tract': '034803', 'county': '101', 'state': '42', 'geoid': '42101034803'}
{'tract': '011200', 'county': '101', 'state': '42', 'geoid': '42101011200'}
{'tract': '016200', 'county': '101', 'state': '42', 'geoid': '42101016200'}
{'tract': '021700', 'county': '101', 'state': '42', 'geoid': '42101021700'}
{'tract': '003001', 'county': '101', 'state': '42', 'geoid': '42101003001'}
{'tract': '009500', 'county': '101', 'state': '42', 'geoid': '42101009500'}
{'tract': '031502', 'county': '101', 'state': '42', 'geoid': '42101031502'}
{'tract': '025200', 'county': '101', 'state': '42', 'geoid': '42101025200'}
{'tract': '020702', 'county': '101', 'state': '42', 'geoid': '42101020702'}
{'tract': '013401', 'county': '101', 'state': '42', 'geoid': '42101013401'}
{'tract': '030501', 'county': '101', 'state': '42', 'geoid': '42101030501'}
{'tract': '026800', 'county': '101', 'state': '42', 'geoid': '42101026800'}
{'tract': '006700', 'county': '101', 'state': '42', 'geoid': '42101006700'}
{'tract': '024800', 'county': '101', 'state': '42', 'geoid': '42101024800'}
{'tract': '015200', 'county': '101', 'state': '42', 'geoid': '42101015200'}
{'tract': '024100', 'county': '101', 'state': '42', 'geoid': '42101024100'}
{'tract': '025900', 'county': '101', 'state': '42', 'geoid': '42101025900'}
{'tract': '001500', 'county': '101', 'state': '42', 'geoid': '42101001500'}
{'tract': '002100', 'county': '101', 'state': '42', 'geoid': '42101002100'}
{'tract': '034400', 'county': '101', 'state': '42', 'geoid': '42101034400'}
{'tract': '021500', 'county': '101', 'state': '42', 'geoid': '42101021500'}
{'tract': '028200', 'county': '101', 'state': '42', 'geoid': '42101028200'}
{'tract': '032500', 'county': '101', 'state': '42', 'geoid': '42101032500'}
{'tract': '030600', 'county': '101', 'state': '42', 'geoid': '42101030600'}
{'tract': '019700', 'county': '101', 'state': '42', 'geoid': '42101019700'}
{'tract': '029000', 'county': '101', 'state': '42', 'geoid': '42101029000'}
{'tract': '017201', 'county': '101', 'state': '42', 'geoid': '42101017201'}
{'tract': '008301', 'county': '101', 'state': '42', 'geoid': '42101008301'}
{'tract': '025300', 'county': '101', 'state': '42', 'geoid': '42101025300'}
{'tract': '202500', 'county': '091', 'state': '42', 'geoid': '42091202500'}
{'tract': '012204', 'county': '101', 'state': '42', 'geoid': '42101012204'}
{'tract': '027402', 'county': '101', 'state': '42', 'geoid': '42101027402'}
{'tract': '003200', 'county': '101', 'state': '42', 'geoid': '42101003200'}
{'tract': '210500', 'county': '091', 'state': '42', 'geoid': '42091210500'}
{'tract': '023100', 'county': '101', 'state': '42', 'geoid': '42101023100'}
{'tract': '002702', 'county': '101', 'state': '42', 'geoid': '42101002702'}
{'tract': '021600', 'county': '101', 'state': '42', 'geoid': '42101021600'}
{'tract': '027902', 'county': '101', 'state': '42', 'geoid': '42101027902'}
{'tract': '002701', 'county': '101', 'state': '42', 'geoid': '42101002701'}
{'tract': '029400', 'county': '101', 'state': '42', 'geoid': '42101029400'}
{'tract': '008602', 'county': '101', 'state': '42', 'geoid': '42101008602'}
{'tract': '018002', 'county': '101', 'state': '42', 'geoid': '42101018002'}
{'tract': '013200', 'county': '101', 'state': '42', 'geoid': '42101013200'}
{'tract': '011900', 'county': '101', 'state': '42', 'geoid': '42101011900'}
{'tract': '007700', 'county': '101', 'state': '42', 'geoid': '42101007700'}
{'tract': '038100', 'county': '101', 'state': '42', 'geoid': '42101038100'}
{'tract': '016701', 'county': '101', 'state': '42', 'geoid': '42101016701'}
{'tract': '025700', 'county': '101', 'state': '42', 'geoid': '42101025700'}
{'tract': '008200', 'county': '101', 'state': '42', 'geoid': '42101008200'}
{'tract': '020500', 'county': '101', 'state': '42', 'geoid': '42101020500'}
{'tract': '016902', 'county': '101', 'state': '42', 'geoid': '42101016902'}
{'tract': '013900', 'county': '101', 'state': '42', 'geoid': '42101013900'}
{'tract': '000102', 'county': '101', 'state': '42', 'geoid': '42101000102'}
{'tract': '013702', 'county': '101', 'state': '42', 'geoid': '42101013702'}
{'tract': '001201', 'county': '101', 'state': '42', 'geoid': '42101001201'}
{'tract': '004202', 'county': '101', 'state': '42', 'geoid': '42101004202'}
{'tract': '031800', 'county': '101', 'state': '42', 'geoid': '42101031800'}
{'tract': '012000', 'county': '101', 'state': '42', 'geoid': '42101012000'}
{'tract': '014600', 'county': '101', 'state': '42', 'geoid': '42101014600'}
{'tract': '202302', 'county': '091', 'state': '42', 'geoid': '42091202302'}
{'tract': '018802', 'county': '101', 'state': '42', 'geoid': '42101018802'}
{'tract': '035100', 'county': '101', 'state': '42', 'geoid': '42101035100'}
{'tract': '033102', 'county': '101', 'state': '42', 'geoid': '42101033102'}
{'tract': '000403', 'county': '101', 'state': '42', 'geoid': '42101000403'}
{'tract': '009802', 'county': '101', 'state': '42', 'geoid': '42101009802'}
{'tract': '018300', 'county': '101', 'state': '42', 'geoid': '42101018300'}
{'tract': '031402', 'county': '101', 'state': '42', 'geoid': '42101031402'}
{'tract': '016400', 'county': '101', 'state': '42', 'geoid': '42101016400'}
{'tract': '030800', 'county': '101', 'state': '42', 'geoid': '42101030800'}
{'tract': '038301', 'county': '101', 'state': '42', 'geoid': '42101038301'}
{'tract': '035200', 'county': '101', 'state': '42', 'geoid': '42101035200'}
{'tract': '029800', 'county': '101', 'state': '42', 'geoid': '42101029800'}
{'tract': '007102', 'county': '101', 'state': '42', 'geoid': '42101007102'}
{'tract': '031101', 'county': '101', 'state': '42', 'geoid': '42101031101'}
{'tract': '018400', 'county': '101', 'state': '42', 'geoid': '42101018400'}
{'tract': '034501', 'county': '101', 'state': '42', 'geoid': '42101034501'}
{'tract': '100102', 'county': '017', 'state': '42', 'geoid': '42017100102'}
{'tract': '024600', 'county': '101', 'state': '42', 'geoid': '42101024600'}
{'tract': '026301', 'county': '101', 'state': '42', 'geoid': '42101026301'}
{'tract': '012501', 'county': '101', 'state': '42', 'geoid': '42101012501'}
{'tract': '010000', 'county': '101', 'state': '42', 'geoid': '42101010000'}
{'tract': '011500', 'county': '101', 'state': '42', 'geoid': '42101011500'}
{'tract': '980100', 'county': '101', 'state': '42', 'geoid': '42101980100'}
{'tract': '028700', 'county': '101', 'state': '42', 'geoid': '42101028700'}
{'tract': '029300', 'county': '101', 'state': '42', 'geoid': '42101029300'}
{'tract': '024900', 'county': '101', 'state': '42', 'geoid': '42101024900'}
{'tract': '014500', 'county': '101', 'state': '42', 'geoid': '42101014500'}
{'tract': '013602', 'county': '101', 'state': '42', 'geoid': '42101013602'}
{'tract': '020200', 'county': '101', 'state': '42', 'geoid': '42101020200'}
{'tract': '101405', 'county': '017', 'state': '42', 'geoid': '42017101405'}
{'tract': '400402', 'county': '045', 'state': '42', 'geoid': '42045400402'}
{'tract': '014000', 'county': '101', 'state': '42', 'geoid': '42101014000'}
{'tract': '029200', 'county': '101', 'state': '42', 'geoid': '42101029200'}
{'tract': '205100', 'county': '091', 'state': '42', 'geoid': '42091205100'}
{'tract': '008702', 'county': '101', 'state': '42', 'geoid': '42101008702'}
{'tract': '014800', 'county': '101', 'state': '42', 'geoid': '42101014800'}
{'tract': '002200', 'county': '101', 'state': '42', 'geoid': '42101002200'}
{'tract': '007300', 'county': '101', 'state': '42', 'geoid': '42101007300'}
{'tract': '007200', 'county': '101', 'state': '42', 'geoid': '42101007200'}
{'tract': '020400', 'county': '101', 'state': '42', 'geoid': '42101020400'}
{'tract': '028000', 'county': '101', 'state': '42', 'geoid': '42101028000'}
{'tract': '035601', 'county': '101', 'state': '42', 'geoid': '42101035601'}
{'tract': '010600', 'county': '101', 'state': '42', 'geoid': '42101010600'}
{'tract': '011400', 'county': '101', 'state': '42', 'geoid': '42101011400'}
{'tract': '034702', 'county': '101', 'state': '42', 'geoid': '42101034702'}
{'tract': '035302', 'county': '101', 'state': '42', 'geoid': '42101035302'}
{'tract': '980905', 'county': '101', 'state': '42', 'geoid': '42101980905'}
{'tract': '037500', 'county': '101', 'state': '42', 'geoid': '42101037500'}
{'tract': '403401', 'county': '045', 'state': '42', 'geoid': '42045403401'}
{'tract': '201902', 'county': '091', 'state': '42', 'geoid': '42091201902'}
{'tract': '002500', 'county': '101', 'state': '42', 'geoid': '42101002500'}
{'tract': '007101', 'county': '101', 'state': '42', 'geoid': '42101007101'}
{'tract': '200307', 'county': '091', 'state': '42', 'geoid': '42091200307'}
{'tract': '039001', 'county': '101', 'state': '42', 'geoid': '42101039001'}
{'tract': '017100', 'county': '101', 'state': '42', 'geoid': '42101017100'}
{'tract': '035602', 'county': '101', 'state': '42', 'geoid': '42101035602'}
{'tract': '027901', 'county': '101', 'state': '42', 'geoid': '42101027901'}
{'tract': '980001', 'county': '101', 'state': '42', 'geoid': '42101980001'}
{'tract': '026700', 'county': '101', 'state': '42', 'geoid': '42101026700'}
{'tract': '031900', 'county': '101', 'state': '42', 'geoid': '42101031900'}
{'tract': '031200', 'county': '101', 'state': '42', 'geoid': '42101031200'}
{'tract': '404004', 'county': '045', 'state': '42', 'geoid': '42045404004'}
{'tract': '021800', 'county': '101', 'state': '42', 'geoid': '42101021800'}
{'tract': '403601', 'county': '045', 'state': '42', 'geoid': '42045403601'}
{'tract': '015101', 'county': '101', 'state': '42', 'geoid': '42101015101'}
{'tract': '409601', 'county': '045', 'state': '42', 'geoid': '42045409601'}
{'tract': '200104', 'county': '091', 'state': '42', 'geoid': '42091200104'}
{'tract': '101503', 'county': '017', 'state': '42', 'geoid': '42017101503'}
{'tract': '035702', 'county': '101', 'state': '42', 'geoid': '42101035702'}
{'tract': '010500', 'county': '101', 'state': '42', 'geoid': '42101010500'}
{'tract': '400600', 'county': '045', 'state': '42', 'geoid': '42045400600'}
{'tract': '005500', 'county': '101', 'state': '42', 'geoid': '42101005500'}
{'tract': '004104', 'county': '101', 'state': '42', 'geoid': '42101004104'}
{'tract': '039100', 'county': '101', 'state': '42', 'geoid': '42101039100'}
{'tract': '028600', 'county': '101', 'state': '42', 'geoid': '42101028600'}
{'tract': '012203', 'county': '101', 'state': '42', 'geoid': '42101012203'}
{'tract': '202301', 'county': '091', 'state': '42', 'geoid': '42091202301'}
{'tract': '201603', 'county': '091', 'state': '42', 'geoid': '42091201603'}
{'tract': '024200', 'county': '101', 'state': '42', 'geoid': '42101024200'}
{'tract': '100207', 'county': '017', 'state': '42', 'geoid': '42017100207'}
{'tract': '400500', 'county': '045', 'state': '42', 'geoid': '42045400500'}
{'tract': '003002', 'county': '101', 'state': '42', 'geoid': '42101003002'}
{'tract': '036502', 'county': '101', 'state': '42', 'geoid': '42101036502'}
{'tract': '021900', 'county': '101', 'state': '42', 'geoid': '42101021900'}
{'tract': '026500', 'county': '101', 'state': '42', 'geoid': '42101026500'}
{'tract': '006100', 'county': '101', 'state': '42', 'geoid': '42101006100'}
{'tract': '019502', 'county': '101', 'state': '42', 'geoid': '42101019502'}
{'tract': '204500', 'county': '091', 'state': '42', 'geoid': '42091204500'}
{'tract': '980003', 'county': '101', 'state': '42', 'geoid': '42101980003'}
